{"cameraMode":{"drawMode":0,"name":"Shaded","section":"Shading Mode"},"sceneLighting":true,"audioPlay":false,"sceneViewState":{"m_AlwaysRefresh":false,"showFog":true,"showSkybox":true,"showFlares":true,"showImageEffects":true,"showParticleSystems":true,"showVisualEffectGraphs":true,"m_FxEnabled":true},"in2DMode":false,"pivot":{"x":483.2300109863281,"y":0.5979849100112915,"z":535.0892333984375},"rotation":{"x":0.042662687599658969,"y":-0.8982239365577698,"z":0.42825353145599368,"w":0.08948492258787155},"size":14.85229206085205,"orthographic":false}