{"cameraMode":{"drawMode":0,"name":"Shaded","section":"Shading Mode"},"sceneLighting":true,"audioPlay":false,"sceneViewState":{"m_AlwaysRefresh":false,"showFog":true,"showSkybox":true,"showFlares":true,"showImageEffects":true,"showParticleSystems":true,"showVisualEffectGraphs":true,"m_FxEnabled":true},"in2DMode":false,"pivot":{"x":555.0230102539063,"y":21.199644088745118,"z":588.1702880859375},"rotation":{"x":0.02082904614508152,"y":-0.9640206098556519,"z":0.2528409957885742,"w":0.07941531389951706},"size":0.5009565949440002,"orthographic":false}