{"cameraMode":{"drawMode":0,"name":"Shaded","section":"Shading Mode"},"sceneLighting":true,"audioPlay":false,"sceneViewState":{"m_AlwaysRefresh":false,"showFog":true,"showSkybox":true,"showFlares":true,"showImageEffects":true,"showParticleSystems":true,"showVisualEffectGraphs":true,"m_FxEnabled":true},"in2DMode":false,"pivot":{"x":496.773193359375,"y":29.968685150146486,"z":577.8865966796875},"rotation":{"x":0.013725364580750466,"y":-0.9119684100151062,"z":0.4089020788669586,"w":0.030644815415143968},"size":49.25233840942383,"orthographic":true}