{"cameraMode":{"drawMode":0,"name":"Shaded","section":"Shading Mode"},"sceneLighting":true,"audioPlay":false,"sceneViewState":{"m_AlwaysRefresh":false,"showFog":true,"showSkybox":true,"showFlares":true,"showImageEffects":true,"showParticleSystems":true,"showVisualEffectGraphs":true,"m_FxEnabled":true},"in2DMode":false,"pivot":{"x":478.7287292480469,"y":-199.5928497314453,"z":352.57379150390627},"rotation":{"x":0.023400159552693368,"y":0.9268283247947693,"z":-0.3721486032009125,"w":0.05487002804875374},"size":174.3888397216797,"orthographic":false}