{"cameraMode":{"drawMode":0,"name":"Shaded","section":"Shading Mode"},"sceneLighting":true,"audioPlay":false,"sceneViewState":{"m_AlwaysRefresh":false,"showFog":true,"showSkybox":true,"showFlares":true,"showImageEffects":true,"showParticleSystems":true,"showVisualEffectGraphs":true,"m_FxEnabled":true},"in2DMode":false,"pivot":{"x":514.3289184570313,"y":3.9222352504730226,"z":504.57232666015627},"rotation":{"x":0.18434251844882966,"y":-0.7931860089302063,"z":0.29124295711517336,"w":0.502047598361969},"size":1.5994846820831299,"orthographic":false}