{"cameraMode":{"drawMode":0,"name":"Shaded","section":"Shading Mode"},"sceneLighting":true,"audioPlay":false,"sceneViewState":{"m_AlwaysRefresh":false,"showFog":true,"showSkybox":true,"showFlares":true,"showImageEffects":true,"showParticleSystems":true,"showVisualEffectGraphs":true,"m_FxEnabled":false},"in2DMode":false,"pivot":{"x":530.9354858398438,"y":0.002483367919921875,"z":524.3600463867188},"rotation":{"x":-0.35315099358558657,"y":-0.27710583806037905,"z":0.11011546105146408,"w":-0.8868511319160461},"size":48.363059997558597,"orthographic":false}